index_plate,well,i7,i5-revcomp,i5
novaseq2018-black-plate-1-2,A1,TCAATCCG,ACTGCGAA,TTCGCAGT
novaseq2018-black-plate-1-2,A2,CGCTACAT,TAGTCTCG,CGAGACTA
novaseq2018-black-plate-1-2,A3,GATCCACT,TGAGCTGT,ACAGCTCA
novaseq2018-black-plate-1-2,A4,ATCCACGA,AGTATGCC,GGCATACT
novaseq2018-black-plate-1-2,A5,ACGATCAG,TGGTGAAG,CTTCACCA
novaseq2018-black-plate-1-2,A6,GTCCTAAG,TACTGCTC,GAGCAGTA
novaseq2018-black-plate-1-2,A7,CAACTCCA,ACTCCTAC,GTAGGAGT
novaseq2018-black-plate-1-2,A8,AAGCATCG,TACTCCAG,CTGGAGTA
novaseq2018-black-plate-1-2,A9,GAAGACTG,TCACCTAG,CTAGGTGA
novaseq2018-black-plate-1-2,A10,GAACGGTT,GATCTTGC,GCAAGATC
novaseq2018-black-plate-1-2,A11,CTCTATCG,AAGCCTGA,TCAGGCTT
novaseq2018-black-plate-1-2,A12,ATGCCTAG,AGTACACG,CGTGTACT
novaseq2018-black-plate-1-2,B1,CCACATTG,CGACACTT,AAGTGTCG
novaseq2018-black-plate-1-2,B2,ATGTGGAC,CTCACCAA,TTGGTGAG
novaseq2018-black-plate-1-2,B3,TGAGACGA,AACCAGAG,CTCTGGTT
novaseq2018-black-plate-1-2,B4,GGTTGGTA,GCGTATCA,TGATACGC
novaseq2018-black-plate-1-2,B5,CATCAACC,AATGACGC,GCGTCATT
novaseq2018-black-plate-1-2,B6,GCAATTCC,CCACAACA,TGTTGTGG
novaseq2018-black-plate-1-2,B7,ACCTCTTC,GTATTCCG,CGGAATAC
novaseq2018-black-plate-1-2,B8,TTCACGGA,AGGTAGGA,TCCTACCT
novaseq2018-black-plate-1-2,B9,CTGGTCAT,ACGAGAAC,GTTCTCGT
novaseq2018-black-plate-1-2,B10,CCTATTGG,TGACAACC,GGTTGTCA
novaseq2018-black-plate-1-2,B11,AAGACCGT,CTTAGGAC,GTCCTAAG
novaseq2018-black-plate-1-2,B12,GGTGTACA,CCGCTTAA,TTAAGCGG
novaseq2018-black-plate-1-2,C1,GTGATCCA,TACAGAGC,GCTCTGTA
novaseq2018-black-plate-1-2,C2,GGAACATG,AAGCGTTC,GAACGCTT
novaseq2018-black-plate-1-2,C3,AGAAGCCT,AGTGACCT,AGGTCACT
novaseq2018-black-plate-1-2,C4,ACGCTTCT,ACCATAGG,CCTATGGT
novaseq2018-black-plate-1-2,C5,GCTACTCT,CTCGAACA,TGTTCGAG
novaseq2018-black-plate-1-2,C6,CTTCGCAA,TGCGTAAC,GTTACGCA
novaseq2018-black-plate-1-2,C7,ATCATGCG,AACAGTCC,GGACTGTT
novaseq2018-black-plate-1-2,C8,TCCGATCA,CTAAGACC,GGTCTTAG
novaseq2018-black-plate-1-2,C9,GGTACTTC,CATCTGCT,AGCAGATG
novaseq2018-black-plate-1-2,C10,GTCTCATC,AGGTGTTG,CAACACCT
novaseq2018-black-plate-1-2,C11,GCTGAATC,GCCTTCTT,AAGAAGGC
novaseq2018-black-plate-1-2,C12,GCAATGAG,TGCTCTAC,GTAGAGCA
novaseq2018-black-plate-1-2,D1,GGTTAGCT,GTACCACA,TGTGGTAC
novaseq2018-black-plate-1-2,D2,TCTGTCGT,GCATTGGT,ACCAATGC
novaseq2018-black-plate-1-2,D3,CTGCCATA,CTGTGGTA,TACCACAG
novaseq2018-black-plate-1-2,D4,CAAGAAGC,TTACCGAC,GTCGGTAA
novaseq2018-black-plate-1-2,D5,ATCGGAGA,GCAACCAT,ATGGTTGC
novaseq2018-black-plate-1-2,D6,AATTCCGG,ACAACGTG,CACGTTGT
novaseq2018-black-plate-1-2,D7,GGTGATGA,CCACTAAG,CTTAGTGG
novaseq2018-black-plate-1-2,D8,CTATCCAC,TTAGGCGT,ACGCCTAA
novaseq2018-black-plate-1-2,D9,TACTAGCG,TGTCACAC,GTGTGACA
novaseq2018-black-plate-1-2,D10,AGAGTCCA,GACACAGT,ACTGTGTC
novaseq2018-black-plate-1-2,D11,GGACTACT,GTGGTATG,CATACCAC
novaseq2018-black-plate-1-2,D12,TATCGCGA,ATGCGCTT,AAGCGCAT
novaseq2018-black-plate-1-2,E1,CTCGGTAA,AGGAACAC,GTGTTCCT
novaseq2018-black-plate-1-2,E2,GCATCCTA,TGGAAGCA,TGCTTCCA
novaseq2018-black-plate-1-2,E3,CCTAACAG,GTCGTTAC,GTAACGAC
novaseq2018-black-plate-1-2,E4,CTAGCTCA,GAACCTTC,GAAGGTTC
novaseq2018-black-plate-1-2,E5,CGGTTGTT,TATGACCG,CGGTCATA
novaseq2018-black-plate-1-2,E6,CCGGAATA,AACGCACA,TGTGCGTT
novaseq2018-black-plate-1-2,E7,TGGCTACA,TGTTCCGT,ACGGAACA
novaseq2018-black-plate-1-2,E8,GGTATAGG,ACTCAACG,CGTTGAGT
novaseq2018-black-plate-1-2,E9,ACACGAGA,AACAGGTG,CACCTGTT
novaseq2018-black-plate-1-2,E10,GACTTGTG,CCTGTCAA,TTGACAGG
novaseq2018-black-plate-1-2,E11,TTCGGCTA,TGACCGTT,AACGGTCA
novaseq2018-black-plate-1-2,E12,TGCAAGAC,GCTAAGGA,TCCTTAGC
novaseq2018-black-plate-1-2,F1,ACAACAGC,ACCGAATG,CATTCGGT
novaseq2018-black-plate-1-2,F2,AGTCGAAG,ACAGGCAT,ATGCCTGT
novaseq2018-black-plate-1-2,F3,TAAGTGGC,TAGCCATG,CATGGCTA
novaseq2018-black-plate-1-2,F4,GACATCTC,ACTTGGCT,AGCCAAGT
novaseq2018-black-plate-1-2,F5,TTGAGCTC,ATACTGGC,GCCAGTAT
novaseq2018-black-plate-1-2,F6,GCGTTAGA,CTGTATGC,GCATACAG
novaseq2018-black-plate-1-2,F7,ACAGAGGT,TTGCAACG,CGTTGCAA
novaseq2018-black-plate-1-2,F8,AGGCTGAA,CGCCTTAT,ATAAGGCG
novaseq2018-black-plate-1-2,F9,TCCAGCAA,CCAGTTGA,TCAACTGG
novaseq2018-black-plate-1-2,F10,TCGAGAGT,TACCTGCA,TGCAGGTA
novaseq2018-black-plate-1-2,F11,GTACACCT,AACAGCGA,TCGCTGTT
novaseq2018-black-plate-1-2,F12,GTTCTTCG,ATCGTGGT,ACCACGAT
novaseq2018-black-plate-1-2,G1,TCGCTATC,CAATGCGA,TCGCATTG
novaseq2018-black-plate-1-2,G2,CTCGTTCT,GATCAAGG,CCTTGATC
novaseq2018-black-plate-1-2,G3,GAGAGTAC,TTGGACTG,CAGTCCAA
novaseq2018-black-plate-1-2,G4,GGACAGAT,CGGATCAA,TTGATCCG
novaseq2018-black-plate-1-2,G5,ACCGCTAT,CGGAGTAT,ATACTCCG
novaseq2018-black-plate-1-2,G6,AGAACCAG,TCTAGGAG,CTCCTAGA
novaseq2018-black-plate-1-2,G7,GATACCTG,CATACGGA,TCCGTATG
novaseq2018-black-plate-1-2,G8,CCAACACT,GCATAGTC,GACTATGC
novaseq2018-black-plate-1-2,G9,ATTCCGCT,TCCTGACT,AGTCAGGA
novaseq2018-black-plate-1-2,G10,CGACCTAA,ACAGCAAG,CTTGCTGT
novaseq2018-black-plate-1-2,G11,ACCGGTTA,GAAGATCC,GGATCTTC
novaseq2018-black-plate-1-2,G12,CAGTGCTT,GAACGAAG,CTTCGTTC
novaseq2018-black-plate-1-2,H1,AATGGTCG,GTTATGGC,GCCATAAC
novaseq2018-black-plate-1-2,H2,ACCATGTC,CCTATACC,GGTATAGG
novaseq2018-black-plate-1-2,H3,TGATCACG,CAACGAGT,ACTCGTTG
novaseq2018-black-plate-1-2,H4,TAGTCAGC,GTCCTGTT,AACAGGAC
novaseq2018-black-plate-1-2,H5,CAATAGCC,GTTGCTGT,ACAGCAAC
novaseq2018-black-plate-1-2,H6,CTTCGGTT,GGCAAGTT,AACTTGCC
novaseq2018-black-plate-1-2,H7,CCATGAAC,GGAGTCTT,AAGACTCC
novaseq2018-black-plate-1-2,H8,ATGAGTGC,GGCGAATA,TATTCGCC
novaseq2018-black-plate-1-2,H9,CGGTAATC,CTAACCTG,CAGGTTAG
novaseq2018-black-plate-1-2,H10,ACAGTGAC,CTGAACGT,ACGTTCAG
novaseq2018-black-plate-1-2,H11,CAATCAGG,TCCTGGTA,TACCAGGA
novaseq2018-black-plate-1-2,H12,GTAACCGA,CTTCCTTC,GAAGGAAG
novaseq2018-white-plate-2-3,A1,TCGGATTC,TCAATCCG,CGGATTGA
novaseq2018-white-plate-2-3,A2,CTCTCAGA,CGCTACAT,ATGTAGCG
novaseq2018-white-plate-2-3,A3,TGTCGACT,GATCCACT,AGTGGATC
novaseq2018-white-plate-2-3,A4,GGACATCA,ATCCACGA,TCGTGGAT
novaseq2018-white-plate-2-3,A5,GTACGATC,ACGATCAG,CTGATCGT
novaseq2018-white-plate-2-3,A6,GGAAGAGA,GTCCTAAG,CTTAGGAC
novaseq2018-white-plate-2-3,A7,CTCGACTT,CAACTCCA,TGGAGTTG
novaseq2018-white-plate-2-3,A8,AGCTTCAG,AAGCATCG,CGATGCTT
novaseq2018-white-plate-2-3,A9,AAGTCCTC,GAAGACTG,CAGTCTTC
novaseq2018-white-plate-2-3,A10,TCACTCGA,GAACGGTT,AACCGTTC
novaseq2018-white-plate-2-3,A11,ACTGCTTG,CTCTATCG,CGATAGAG
novaseq2018-white-plate-2-3,A12,AAGCGACT,ATGCCTAG,CTAGGCAT
novaseq2018-white-plate-2-3,B1,AACCGAAC,CCACATTG,CAATGTGG
novaseq2018-white-plate-2-3,B2,GGCTCAAT,ATGTGGAC,GTCCACAT
novaseq2018-white-plate-2-3,B3,CCAACGAA,TGAGACGA,TCGTCTCA
novaseq2018-white-plate-2-3,B4,ATGACAGG,GGTTGGTA,TACCAACC
novaseq2018-white-plate-2-3,B5,TCGAACCT,CATCAACC,GGTTGATG
novaseq2018-white-plate-2-3,B6,TAGCTTCC,GCAATTCC,GGAATTGC
novaseq2018-white-plate-2-3,B7,TAACGTCG,ACCTCTTC,GAAGAGGT
novaseq2018-white-plate-2-3,B8,CTAGCAGT,TTCACGGA,TCCGTGAA
novaseq2018-white-plate-2-3,B9,GGTCGTAT,CTGGTCAT,ATGACCAG
novaseq2018-white-plate-2-3,B10,GTTAAGCG,CCTATTGG,CCAATAGG
novaseq2018-white-plate-2-3,B11,CTCTGGAT,AAGACCGT,ACGGTCTT
novaseq2018-white-plate-2-3,B12,CGAATTGC,GGTGTACA,TGTACACC
novaseq2018-white-plate-2-3,C1,CCTTAGGT,GTGATCCA,TGGATCAC
novaseq2018-white-plate-2-3,C2,CCTAAGTC,GGAACATG,CATGTTCC
novaseq2018-white-plate-2-3,C3,GCTCAGTT,AGAAGCCT,AGGCTTCT
novaseq2018-white-plate-2-3,C4,TATGGCAC,ACGCTTCT,AGAAGCGT
novaseq2018-white-plate-2-3,C5,TGTCAGTG,GCTACTCT,AGAGTAGC
novaseq2018-white-plate-2-3,C6,CTTGCTAG,CTTCGCAA,TTGCGAAG
novaseq2018-white-plate-2-3,C7,AGGATAGC,ATCATGCG,CGCATGAT
novaseq2018-white-plate-2-3,C8,CCGTTATG,TCCGATCA,TGATCGGA
novaseq2018-white-plate-2-3,C9,TTCGTACG,GGTACTTC,GAAGTACC
novaseq2018-white-plate-2-3,C10,AGCCTATC,GTCTCATC,GATGAGAC
novaseq2018-white-plate-2-3,C11,TTCCTCCT,GCTGAATC,GATTCAGC
novaseq2018-white-plate-2-3,C12,AACACTGG,GCAATGAG,CTCATTGC
novaseq2018-white-plate-2-3,D1,ACCATCCT,GGTTAGCT,AGCTAACC
novaseq2018-white-plate-2-3,D2,TTGCTTGG,TCTGTCGT,ACGACAGA
novaseq2018-white-plate-2-3,D3,AAGACACC,CTGCCATA,TATGGCAG
novaseq2018-white-plate-2-3,D4,TCCATTGC,CAAGAAGC,GCTTCTTG
novaseq2018-white-plate-2-3,D5,AACACCAC,ATCGGAGA,TCTCCGAT
novaseq2018-white-plate-2-3,D6,TGCTTGCT,AATTCCGG,CCGGAATT
novaseq2018-white-plate-2-3,D7,GCACACAA,GGTGATGA,TCATCACC
novaseq2018-white-plate-2-3,D8,AACCGTGT,CTATCCAC,GTGGATAG
novaseq2018-white-plate-2-3,D9,ACCGACAA,TACTAGCG,CGCTAGTA
novaseq2018-white-plate-2-3,D10,CCTTCCAT,AGAGTCCA,TGGACTCT
novaseq2018-white-plate-2-3,D11,AGATCGTC,GGACTACT,AGTAGTCC
novaseq2018-white-plate-2-3,D12,CTGTACCA,TATCGCGA,TCGCGATA
novaseq2018-white-plate-2-3,E1,GGATGTAG,CTCGGTAA,TTACCGAG
novaseq2018-white-plate-2-3,E2,AGTTGTGC,GCATCCTA,TAGGATGC
novaseq2018-white-plate-2-3,E3,CGAGTTAG,CCTAACAG,CTGTTAGG
novaseq2018-white-plate-2-3,E4,CGTCCATT,CTAGCTCA,TGAGCTAG
novaseq2018-white-plate-2-3,E5,CGAATACG,CGGTTGTT,AACAACCG
novaseq2018-white-plate-2-3,E6,ACGAACGA,CCGGAATA,TATTCCGG
novaseq2018-white-plate-2-3,E7,TGCACTTG,TGGCTACA,TGTAGCCA
novaseq2018-white-plate-2-3,E8,GGTACGAA,GGTATAGG,CCTATACC
novaseq2018-white-plate-2-3,E9,CATTGACG,ACACGAGA,TCTCGTGT
novaseq2018-white-plate-2-3,E10,CGGCATTA,GACTTGTG,CACAAGTC
novaseq2018-white-plate-2-3,E11,CCTAGAGA,TTCGGCTA,TAGCCGAA
novaseq2018-white-plate-2-3,E12,GATCAGAC,TGCAAGAC,GTCTTGCA
novaseq2018-white-plate-2-3,F1,TAGCAGGA,ACAACAGC,GCTGTTGT
novaseq2018-white-plate-2-3,F2,GTCAACAG,AGTCGAAG,CTTCGACT
novaseq2018-white-plate-2-3,F3,ATACGCAG,TAAGTGGC,GCCACTTA
novaseq2018-white-plate-2-3,F4,GAGTAGAG,GACATCTC,GAGATGTC
novaseq2018-white-plate-2-3,F5,GCCTATGT,TTGAGCTC,GAGCTCAA
novaseq2018-white-plate-2-3,F6,GATAGCCA,GCGTTAGA,TCTAACGC
novaseq2018-white-plate-2-3,F7,ACTGCACT,ACAGAGGT,ACCTCTGT
novaseq2018-white-plate-2-3,F8,CTGACTAC,AGGCTGAA,TTCAGCCT
novaseq2018-white-plate-2-3,F9,TGGATGGT,TCCAGCAA,TTGCTGGA
novaseq2018-white-plate-2-3,F10,ACAAGACG,TCGAGAGT,ACTCTCGA
novaseq2018-white-plate-2-3,F11,GAGCTCTA,GTACACCT,AGGTGTAC
novaseq2018-white-plate-2-3,F12,TCAGCCTT,GTTCTTCG,CGAAGAAC
novaseq2018-white-plate-2-3,G1,TCAGACAC,TCGCTATC,GATAGCGA
novaseq2018-white-plate-2-3,G2,TAAGCGCA,CTCGTTCT,AGAACGAG
novaseq2018-white-plate-2-3,G3,CCGATGTA,GAGAGTAC,GTACTCTC
novaseq2018-white-plate-2-3,G4,CAAGTCGT,GGACAGAT,ATCTGTCC
novaseq2018-white-plate-2-3,G5,ATCTCCTG,ACCGCTAT,ATAGCGGT
novaseq2018-white-plate-2-3,G6,TTCGAAGC,AGAACCAG,CTGGTTCT
novaseq2018-white-plate-2-3,G7,CAACTGAC,GATACCTG,CAGGTATC
novaseq2018-white-plate-2-3,G8,AGATACGG,CCAACACT,AGTGTTGG
novaseq2018-white-plate-2-3,G9,AACACGCT,ATTCCGCT,AGCGGAAT
novaseq2018-white-plate-2-3,G10,GACGTCAT,CGACCTAA,TTAGGTCG
novaseq2018-white-plate-2-3,G11,TGCGATAG,ACCGGTTA,TAACCGGT
novaseq2018-white-plate-2-3,G12,AGGCAATG,CAGTGCTT,AAGCACTG
novaseq2018-white-plate-2-3,H1,AATCGCTG,AATGGTCG,CGACCATT
novaseq2018-white-plate-2-3,H2,ATCGTCTC,ACCATGTC,GACATGGT
novaseq2018-white-plate-2-3,H3,GACGAACT,TGATCACG,CGTGATCA
novaseq2018-white-plate-2-3,H4,AGTTCGCA,TAGTCAGC,GCTGACTA
novaseq2018-white-plate-2-3,H5,CATGAGCA,CAATAGCC,GGCTATTG
novaseq2018-white-plate-2-3,H6,ACACCGAT,CTTCGGTT,AACCGAAG
novaseq2018-white-plate-2-3,H7,TCTAGTCC,CCATGAAC,GTTCATGG
novaseq2018-white-plate-2-3,H8,GACCGATA,ATGAGTGC,GCACTCAT
novaseq2018-white-plate-2-3,H9,GTGTGTTC,CGGTAATC,GATTACCG
novaseq2018-white-plate-2-3,H10,TAGAACGC,ACAGTGAC,GTCACTGT
novaseq2018-white-plate-2-3,H11,GTATCGAG,CAATCAGG,CCTGATTG
novaseq2018-white-plate-2-3,H12,TTCGCCAT,GTAACCGA,TCGGTTAC
novaseq2018-green-plate-3-4,A1,GATTGTCC,TCGGATTC,GAATCCGA
novaseq2018-green-plate-3-4,A2,AGTGGCAA,CTCTCAGA,TCTGAGAG
novaseq2018-green-plate-3-4,A3,CCAACTTC,TGTCGACT,AGTCGACA
novaseq2018-green-plate-3-4,A4,TCGATGAC,GGACATCA,TGATGTCC
novaseq2018-green-plate-3-4,A5,ACAGTTCG,GTACGATC,GATCGTAC
novaseq2018-green-plate-3-4,A6,CAAGCCAA,GGAAGAGA,TCTCTTCC
novaseq2018-green-plate-3-4,A7,CCTTGGAA,CTCGACTT,AAGTCGAG
novaseq2018-green-plate-3-4,A8,CGCGTATT,AGCTTCAG,CTGAAGCT
novaseq2018-green-plate-3-4,A9,AACCTACG,AAGTCCTC,GAGGACTT
novaseq2018-green-plate-3-4,A10,CGATCGAT,TCACTCGA,TCGAGTGA
novaseq2018-green-plate-3-4,A11,CGTATCTC,ACTGCTTG,CAAGCAGT
novaseq2018-green-plate-3-4,A12,ATTAGCCG,AAGCGACT,AGTCGCTT
novaseq2018-green-plate-3-4,B1,ACCTTCGA,AACCGAAC,GTTCGGTT
novaseq2018-green-plate-3-4,B2,CTACAAGG,GGCTCAAT,ATTGAGCC
novaseq2018-green-plate-3-4,B3,AATCCAGC,CCAACGAA,TTCGTTGG
novaseq2018-green-plate-3-4,B4,GTCCTTGA,ATGACAGG,CCTGTCAT
novaseq2018-green-plate-3-4,B5,CGCTGATA,TCGAACCT,AGGTTCGA
novaseq2018-green-plate-3-4,B6,GTGTCCTT,TAGCTTCC,GGAAGCTA
novaseq2018-green-plate-3-4,B7,ATAGTCGG,TAACGTCG,CGACGTTA
novaseq2018-green-plate-3-4,B8,ATCCGTTG,CTAGCAGT,ACTGCTAG
novaseq2018-green-plate-3-4,B9,CCTACCTA,GGTCGTAT,ATACGACC
novaseq2018-green-plate-3-4,B10,GCCTTAAC,GTTAAGCG,CGCTTAAC
novaseq2018-green-plate-3-4,B11,GTCTGAGT,CTCTGGAT,ATCCAGAG
novaseq2018-green-plate-3-4,B12,GAGGCATT,CGAATTGC,GCAATTCG
novaseq2018-green-plate-3-4,C1,CATCCAAG,CCTTAGGT,ACCTAAGG
novaseq2018-green-plate-3-4,C2,ATCCTTCC,CCTAAGTC,GACTTAGG
novaseq2018-green-plate-3-4,C3,CGAGAGAA,GCTCAGTT,AACTGAGC
novaseq2018-green-plate-3-4,C4,ACGGACTT,TATGGCAC,GTGCCATA
novaseq2018-green-plate-3-4,C5,TGGACCAT,TGTCAGTG,CACTGACA
novaseq2018-green-plate-3-4,C6,TCTGGACA,CTTGCTAG,CTAGCAAG
novaseq2018-green-plate-3-4,C7,GAGCAATC,AGGATAGC,GCTATCCT
novaseq2018-green-plate-3-4,C8,GCTACAAC,CCGTTATG,CATAACGG
novaseq2018-green-plate-3-4,C9,TATCCTGG,TTCGTACG,CGTACGAA
novaseq2018-green-plate-3-4,C10,AGTCAGGT,AGCCTATC,GATAGGCT
novaseq2018-green-plate-3-4,C11,ACACCTCA,TTCCTCCT,AGGAGGAA
novaseq2018-green-plate-3-4,C12,CGTCAAGA,AACACTGG,CCAGTGTT
novaseq2018-green-plate-3-4,D1,CCAGTATC,ACCATCCT,AGGATGGT
novaseq2018-green-plate-3-4,D2,CCGAAGAT,TTGCTTGG,CCAAGCAA
novaseq2018-green-plate-3-4,D3,CGCAATGT,AAGACACC,GGTGTCTT
novaseq2018-green-plate-3-4,D4,CGAACAAC,TCCATTGC,GCAATGGA
novaseq2018-green-plate-3-4,D5,AACTTGCC,AACACCAC,GTGGTGTT
novaseq2018-green-plate-3-4,D6,AACAAGGC,TGCTTGCT,AGCAAGCA
novaseq2018-green-plate-3-4,D7,CATACTCG,GCACACAA,TTGTGTGC
novaseq2018-green-plate-3-4,D8,TAGGAGCT,AACCGTGT,ACACGGTT
novaseq2018-green-plate-3-4,D9,GTAAGCAC,ACCGACAA,TTGTCGGT
novaseq2018-green-plate-3-4,D10,CTAGGTTG,CCTTCCAT,ATGGAAGG
novaseq2018-green-plate-3-4,D11,AGCGAGAT,AGATCGTC,GACGATCT
novaseq2018-green-plate-3-4,D12,ATAGGTCC,CTGTACCA,TGGTACAG
novaseq2018-green-plate-3-4,E1,GGTAACGT,GGATGTAG,CTACATCC
novaseq2018-green-plate-3-4,E2,ACGCAGTA,AGTTGTGC,GCACAACT
novaseq2018-green-plate-3-4,E3,GTAGTACC,CGAGTTAG,CTAACTCG
novaseq2018-green-plate-3-4,E4,CTCAAGCT,CGTCCATT,AATGGACG
novaseq2018-green-plate-3-4,E5,GCTTCACA,CGAATACG,CGTATTCG
novaseq2018-green-plate-3-4,E6,GCATAACG,ACGAACGA,TCGTTCGT
novaseq2018-green-plate-3-4,E7,GGATTCAC,TGCACTTG,CAAGTGCA
novaseq2018-green-plate-3-4,E8,GATGGAGT,GGTACGAA,TTCGTACC
novaseq2018-green-plate-3-4,E9,AGCGTGTA,CATTGACG,CGTCAATG
novaseq2018-green-plate-3-4,E10,CCTCATCT,CGGCATTA,TAATGCCG
novaseq2018-green-plate-3-4,E11,GTTCCATG,CCTAGAGA,TCTCTAGG
novaseq2018-green-plate-3-4,E12,TCCACGTT,GATCAGAC,GTCTGATC
novaseq2018-green-plate-3-4,F1,TCGTCTGA,TAGCAGGA,TCCTGCTA
novaseq2018-green-plate-3-4,F2,GTTGGCAT,GTCAACAG,CTGTTGAC
novaseq2018-green-plate-3-4,F3,AAGTGCAG,ATACGCAG,CTGCGTAT
novaseq2018-green-plate-3-4,F4,GATGCTAC,GAGTAGAG,CTCTACTC
novaseq2018-green-plate-3-4,F5,TTACGTGC,GCCTATGT,ACATAGGC
novaseq2018-green-plate-3-4,F6,AGCCGTAA,GATAGCCA,TGGCTATC
novaseq2018-green-plate-3-4,F7,TTCCAGGT,ACTGCACT,AGTGCAGT
novaseq2018-green-plate-3-4,F8,CTCCTGAA,CTGACTAC,GTAGTCAG
novaseq2018-green-plate-3-4,F9,CCGTAACT,TGGATGGT,ACCATCCA
novaseq2018-green-plate-3-4,F10,GAGACCAA,ACAAGACG,CGTCTTGT
novaseq2018-green-plate-3-4,F11,TAGTGCCA,GAGCTCTA,TAGAGCTC
novaseq2018-green-plate-3-4,F12,GACTACGA,TCAGCCTT,AAGGCTGA
novaseq2018-green-plate-3-4,G1,CTCAGAAG,TCAGACAC,GTGTCTGA
novaseq2018-green-plate-3-4,G2,TACACACG,TAAGCGCA,TGCGCTTA
novaseq2018-green-plate-3-4,G3,GGATCTGA,CCGATGTA,TACATCGG
novaseq2018-green-plate-3-4,G4,TCACGATG,CAAGTCGT,ACGACTTG
novaseq2018-green-plate-3-4,G5,GGCATTCT,ATCTCCTG,CAGGAGAT
novaseq2018-green-plate-3-4,G6,CTTACAGC,TTCGAAGC,GCTTCGAA
novaseq2018-green-plate-3-4,G7,TCTTACGG,CAACTGAC,GTCAGTTG
novaseq2018-green-plate-3-4,G8,ACGAATCC,AGATACGG,CCGTATCT
novaseq2018-green-plate-3-4,G9,TTGCGAGA,AACACGCT,AGCGTGTT
novaseq2018-green-plate-3-4,G10,TCAGTAGG,GACGTCAT,ATGACGTC
novaseq2018-green-plate-3-4,G11,CAACTTGG,TGCGATAG,CTATCGCA
novaseq2018-green-plate-3-4,G12,AGTGCATC,AGGCAATG,CATTGCCT
novaseq2018-green-plate-3-4,H1,GAAGTGCT,AATCGCTG,CAGCGATT
novaseq2018-green-plate-3-4,H2,AGGTTCCT,ATCGTCTC,GAGACGAT
novaseq2018-green-plate-3-4,H3,CTTCACTG,GACGAACT,AGTTCGTC
novaseq2018-green-plate-3-4,H4,GAGAAGGT,AGTTCGCA,TGCGAACT
novaseq2018-green-plate-3-4,H5,ACTCGATC,CATGAGCA,TGCTCATG
novaseq2018-green-plate-3-4,H6,TAGCTGAG,ACACCGAT,ATCGGTGT
novaseq2018-green-plate-3-4,H7,ATAACGCC,TCTAGTCC,GGACTAGA
novaseq2018-green-plate-3-4,H8,TGATAGGC,GACCGATA,TATCGGTC
novaseq2018-green-plate-3-4,H9,AACAACCG,GTGTGTTC,GAACACAC
novaseq2018-green-plate-3-4,H10,AGGAGGTT,TAGAACGC,GCGTTCTA
novaseq2018-green-plate-3-4,H11,ACCTAGAC,GTATCGAG,CTCGATAC
novaseq2018-green-plate-3-4,H12,CTGATGAG,TTCGCCAT,ATGGCGAA
novaseq2018-red-plate-4-1,A1,ACTGCGAA,GATTGTCC,GGACAATC
novaseq2018-red-plate-4-1,A2,TAGTCTCG,AGTGGCAA,TTGCCACT
novaseq2018-red-plate-4-1,A3,TGAGCTGT,CCAACTTC,GAAGTTGG
novaseq2018-red-plate-4-1,A4,AGTATGCC,TCGATGAC,GTCATCGA
novaseq2018-red-plate-4-1,A5,TGGTGAAG,ACAGTTCG,CGAACTGT
novaseq2018-red-plate-4-1,A6,TACTGCTC,CAAGCCAA,TTGGCTTG
novaseq2018-red-plate-4-1,A7,ACTCCTAC,CCTTGGAA,TTCCAAGG
novaseq2018-red-plate-4-1,A8,TACTCCAG,CGCGTATT,AATACGCG
novaseq2018-red-plate-4-1,A9,TCACCTAG,AACCTACG,CGTAGGTT
novaseq2018-red-plate-4-1,A10,GATCTTGC,CGATCGAT,ATCGATCG
novaseq2018-red-plate-4-1,A11,AAGCCTGA,CGTATCTC,GAGATACG
novaseq2018-red-plate-4-1,A12,AGTACACG,ATTAGCCG,CGGCTAAT
novaseq2018-red-plate-4-1,B1,CGACACTT,ACCTTCGA,TCGAAGGT
novaseq2018-red-plate-4-1,B2,CTCACCAA,CTACAAGG,CCTTGTAG
novaseq2018-red-plate-4-1,B3,AACCAGAG,AATCCAGC,GCTGGATT
novaseq2018-red-plate-4-1,B4,GCGTATCA,GTCCTTGA,TCAAGGAC
novaseq2018-red-plate-4-1,B5,AATGACGC,CGCTGATA,TATCAGCG
novaseq2018-red-plate-4-1,B6,CCACAACA,GTGTCCTT,AAGGACAC
novaseq2018-red-plate-4-1,B7,GTATTCCG,ATAGTCGG,CCGACTAT
novaseq2018-red-plate-4-1,B8,AGGTAGGA,ATCCGTTG,CAACGGAT
novaseq2018-red-plate-4-1,B9,ACGAGAAC,CCTACCTA,TAGGTAGG
novaseq2018-red-plate-4-1,B10,TGACAACC,GCCTTAAC,GTTAAGGC
novaseq2018-red-plate-4-1,B11,CTTAGGAC,GTCTGAGT,ACTCAGAC
novaseq2018-red-plate-4-1,B12,CCGCTTAA,GAGGCATT,AATGCCTC
novaseq2018-red-plate-4-1,C1,TACAGAGC,CATCCAAG,CTTGGATG
novaseq2018-red-plate-4-1,C2,AAGCGTTC,ATCCTTCC,GGAAGGAT
novaseq2018-red-plate-4-1,C3,AGTGACCT,CGAGAGAA,TTCTCTCG
novaseq2018-red-plate-4-1,C4,ACCATAGG,ACGGACTT,AAGTCCGT
novaseq2018-red-plate-4-1,C5,CTCGAACA,TGGACCAT,ATGGTCCA
novaseq2018-red-plate-4-1,C6,TGCGTAAC,TCTGGACA,TGTCCAGA
novaseq2018-red-plate-4-1,C7,AACAGTCC,GAGCAATC,GATTGCTC
novaseq2018-red-plate-4-1,C8,CTAAGACC,GCTACAAC,GTTGTAGC
novaseq2018-red-plate-4-1,C9,CATCTGCT,TATCCTGG,CCAGGATA
novaseq2018-red-plate-4-1,C10,AGGTGTTG,AGTCAGGT,ACCTGACT
novaseq2018-red-plate-4-1,C11,GCCTTCTT,ACACCTCA,TGAGGTGT
novaseq2018-red-plate-4-1,C12,TGCTCTAC,CGTCAAGA,TCTTGACG
novaseq2018-red-plate-4-1,D1,GTACCACA,CCAGTATC,GATACTGG
novaseq2018-red-plate-4-1,D2,GCATTGGT,CCGAAGAT,ATCTTCGG
novaseq2018-red-plate-4-1,D3,CTGTGGTA,CGCAATGT,ACATTGCG
novaseq2018-red-plate-4-1,D4,TTACCGAC,CGAACAAC,GTTGTTCG
novaseq2018-red-plate-4-1,D5,GCAACCAT,AACTTGCC,GGCAAGTT
novaseq2018-red-plate-4-1,D6,ACAACGTG,AACAAGGC,GCCTTGTT
novaseq2018-red-plate-4-1,D7,CCACTAAG,CATACTCG,CGAGTATG
novaseq2018-red-plate-4-1,D8,TTAGGCGT,TAGGAGCT,AGCTCCTA
novaseq2018-red-plate-4-1,D9,TGTCACAC,GTAAGCAC,GTGCTTAC
novaseq2018-red-plate-4-1,D10,GACACAGT,CTAGGTTG,CAACCTAG
novaseq2018-red-plate-4-1,D11,GTGGTATG,AGCGAGAT,ATCTCGCT
novaseq2018-red-plate-4-1,D12,ATGCGCTT,ATAGGTCC,GGACCTAT
novaseq2018-red-plate-4-1,E1,AGGAACAC,GGTAACGT,ACGTTACC
novaseq2018-red-plate-4-1,E2,TGGAAGCA,ACGCAGTA,TACTGCGT
novaseq2018-red-plate-4-1,E3,GTCGTTAC,GTAGTACC,GGTACTAC
novaseq2018-red-plate-4-1,E4,GAACCTTC,CTCAAGCT,AGCTTGAG
novaseq2018-red-plate-4-1,E5,TATGACCG,GCTTCACA,TGTGAAGC
novaseq2018-red-plate-4-1,E6,AACGCACA,GCATAACG,CGTTATGC
novaseq2018-red-plate-4-1,E7,TGTTCCGT,GGATTCAC,GTGAATCC
novaseq2018-red-plate-4-1,E8,ACTCAACG,GATGGAGT,ACTCCATC
novaseq2018-red-plate-4-1,E9,AACAGGTG,AGCGTGTA,TACACGCT
novaseq2018-red-plate-4-1,E10,CCTGTCAA,CCTCATCT,AGATGAGG
novaseq2018-red-plate-4-1,E11,TGACCGTT,GTTCCATG,CATGGAAC
novaseq2018-red-plate-4-1,E12,GCTAAGGA,TCCACGTT,AACGTGGA
novaseq2018-red-plate-4-1,F1,ACCGAATG,TCGTCTGA,TCAGACGA
novaseq2018-red-plate-4-1,F2,ACAGGCAT,GTTGGCAT,ATGCCAAC
novaseq2018-red-plate-4-1,F3,TAGCCATG,AAGTGCAG,CTGCACTT
novaseq2018-red-plate-4-1,F4,ACTTGGCT,GATGCTAC,GTAGCATC
novaseq2018-red-plate-4-1,F5,ATACTGGC,TTACGTGC,GCACGTAA
novaseq2018-red-plate-4-1,F6,CTGTATGC,AGCCGTAA,TTACGGCT
novaseq2018-red-plate-4-1,F7,TTGCAACG,TTCCAGGT,ACCTGGAA
novaseq2018-red-plate-4-1,F8,CGCCTTAT,CTCCTGAA,TTCAGGAG
novaseq2018-red-plate-4-1,F9,CCAGTTGA,CCGTAACT,AGTTACGG
novaseq2018-red-plate-4-1,F10,TACCTGCA,GAGACCAA,TTGGTCTC
novaseq2018-red-plate-4-1,F11,AACAGCGA,TAGTGCCA,TGGCACTA
novaseq2018-red-plate-4-1,F12,ATCGTGGT,GACTACGA,TCGTAGTC
novaseq2018-red-plate-4-1,G1,CAATGCGA,CTCAGAAG,CTTCTGAG
novaseq2018-red-plate-4-1,G2,GATCAAGG,TACACACG,CGTGTGTA
novaseq2018-red-plate-4-1,G3,TTGGACTG,GGATCTGA,TCAGATCC
novaseq2018-red-plate-4-1,G4,CGGATCAA,TCACGATG,CATCGTGA
novaseq2018-red-plate-4-1,G5,CGGAGTAT,GGCATTCT,AGAATGCC
novaseq2018-red-plate-4-1,G6,TCTAGGAG,CTTACAGC,GCTGTAAG
novaseq2018-red-plate-4-1,G7,CATACGGA,TCTTACGG,CCGTAAGA
novaseq2018-red-plate-4-1,G8,GCATAGTC,ACGAATCC,GGATTCGT
novaseq2018-red-plate-4-1,G9,TCCTGACT,TTGCGAGA,TCTCGCAA
novaseq2018-red-plate-4-1,G10,ACAGCAAG,TCAGTAGG,CCTACTGA
novaseq2018-red-plate-4-1,G11,GAAGATCC,CAACTTGG,CCAAGTTG
novaseq2018-red-plate-4-1,G12,GAACGAAG,AGTGCATC,GATGCACT
novaseq2018-red-plate-4-1,H1,GTTATGGC,GAAGTGCT,AGCACTTC
novaseq2018-red-plate-4-1,H2,CCTATACC,AGGTTCCT,AGGAACCT
novaseq2018-red-plate-4-1,H3,CAACGAGT,CTTCACTG,CAGTGAAG
novaseq2018-red-plate-4-1,H4,GTCCTGTT,GAGAAGGT,ACCTTCTC
novaseq2018-red-plate-4-1,H5,GTTGCTGT,ACTCGATC,GATCGAGT
novaseq2018-red-plate-4-1,H6,GGCAAGTT,TAGCTGAG,CTCAGCTA
novaseq2018-red-plate-4-1,H7,GGAGTCTT,ATAACGCC,GGCGTTAT
novaseq2018-red-plate-4-1,H8,GGCGAATA,TGATAGGC,GCCTATCA
novaseq2018-red-plate-4-1,H9,CTAACCTG,AACAACCG,CGGTTGTT
novaseq2018-red-plate-4-1,H10,CTGAACGT,AGGAGGTT,AACCTCCT
novaseq2018-red-plate-4-1,H11,TCCTGGTA,ACCTAGAC,GTCTAGGT
novaseq2018-red-plate-4-1,H12,CTTCCTTC,CTGATGAG,CTCATCAG