Study_ID,Study_Description,BioSample_ID,BioSample_Description,Sample_ID,Sample_Name,Sample_Owner,Index_ID,Index,Index2_ID,Index2,Organism,Host,Gender,Tissue_Source,FACS_Markers
TB-FLASH,Detection of tuberculosis in metagenomic samples using FLASH,TBFLASH-CSF-DNA,Cerebrospinal fluid ,OPS_013_TB-FLASH_DNA_946-0.3,OPS_013_TB-FLASH_DNA_946-0.3,Amy Lyden,CZB-TRUSEQ-8-12BP-i7-PLATE-001_F3,GAGTTGTTCGAC,CZB-TRUSEQ-8-12BP-i5-PLATE-001_F3,AGGAACCTGTGA,Tuberculosis,Human,,,
TB-FLASH,Detection of tuberculosis in metagenomic samples using FLASH,TBFLASH-CSF-DNA,Cerebrospinal fluid ,OPS_013_TB-FLASH_DNA_946-0.0,OPS_013_TB-FLASH_DNA_946-0.0,Amy Lyden,CZB-TRUSEQ-8-12BP-i7-PLATE-001_F4,AGTGTCCGAACA,CZB-TRUSEQ-8-12BP-i5-PLATE-001_F4,GTCGAACAACTC,Tuberculosis,Human,,,
TB-FLASH,Detection of tuberculosis in metagenomic samples using FLASH,TBFLASH-CSF-DNA,Cerebrospinal fluid ,OPS_013_TB-FLASH_DNA_924-0.0,OPS_013_TB-FLASH_DNA_924-0.0,Amy Lyden,CZB-TRUSEQ-8-12BP-i7-PLATE-001_F5,TCACTCCAGAAG,CZB-TRUSEQ-8-12BP-i5-PLATE-001_F5,TGTTCGGACACT,Tuberculosis,Human,,,
TB-FLASH,Detection of tuberculosis in metagenomic samples using FLASH,TBFLASH-CSF-DNA,Cerebrospinal fluid ,OPS_013_TB-FLASH_DNA_875-0.0,OPS_013_TB-FLASH_DNA_875-0.0,Amy Lyden,CZB-TRUSEQ-8-12BP-i7-PLATE-001_F6,ACGACTGGCAAT,CZB-TRUSEQ-8-12BP-i5-PLATE-001_F6,CTTCTGGAGTGA,Tuberculosis,Human,,,
TB-FLASH,Detection of tuberculosis in metagenomic samples using FLASH,TBFLASH-CSF-DNA,Cerebrospinal fluid ,OPS_013_TB-FLASH_DNA_874-0.0,OPS_013_TB-FLASH_DNA_874-0.0,Amy Lyden,CZB-TRUSEQ-8-12BP-i7-PLATE-001_F7,GAGTGTCTACGA,CZB-TRUSEQ-8-12BP-i5-PLATE-001_F7,ATTGCCAGTCGT,Tuberculosis,Human,,,
TB-FLASH,Detection of tuberculosis in metagenomic samples using FLASH,TBFLASH-CSF-DNA,Cerebrospinal fluid ,OPS_013_TB-FLASH_DNA_943-0.0,OPS_013_TB-FLASH_DNA_943-0.0,Amy Lyden,CZB-TRUSEQ-8-12BP-i7-PLATE-001_F8,AGTGGTGGAATC,CZB-TRUSEQ-8-12BP-i5-PLATE-001_F8,TCGTAGACACTC,Tuberculosis,Human,,,
TB-FLASH,Detection of tuberculosis in metagenomic samples using FLASH,TBFLASH-CSF-DNA,Cerebrospinal fluid ,OPS_013_TB-FLASH_DNA_919-0.0,OPS_013_TB-FLASH_DNA_919-0.0,Amy Lyden,CZB-TRUSEQ-8-12BP-i7-PLATE-003_F9,CTCAACGAGCAT,CZB-TRUSEQ-8-12BP-i5-PLATE-012_F9,CTTCGATCCACT,Tuberculosis,Human,,,
TB-FLASH,Detection of tuberculosis in metagenomic samples using FLASH,TBFLASH-CSF-DNA,Cerebrospinal fluid ,OPS_013_TB-FLASH_DNA_942-0.1,OPS_013_TB-FLASH_DNA_942-0.1,Amy Lyden,CZB-TRUSEQ-8-12BP-i7-PLATE-002_F10,AGTGACGCGTTA,CZB-TRUSEQ-8-12BP-i5-PLATE-002_F10,GACTGAACCTTG,Tuberculosis,Human,,,
TB-FLASH,Detection of tuberculosis in metagenomic samples using FLASH,TBFLASH-CSF-DNA,Cerebrospinal fluid ,OPS_013_TB-FLASH_DNA_872-0.1,OPS_013_TB-FLASH_DNA_872-0.1,Amy Lyden,CZB-TRUSEQ-8-12BP-i7-PLATE-003_F11,CAAGGATGTGAC,CZB-TRUSEQ-8-12BP-i5-PLATE-003_F11,AACCTGCTTCGT,Tuberculosis,Human,,,
TB-FLASH,Detection of tuberculosis in metagenomic samples using FLASH,TBFLASH-CSF-DNA,Cerebrospinal fluid ,OPS_013_TB-FLASH_DNA_936-0.1,OPS_013_TB-FLASH_DNA_936-0.1,Amy Lyden,CZB-TRUSEQ-8-12BP-i7-PLATE-004_F12,AGTGGCTACTAG,CZB-TRUSEQ-8-12BP-i5-PLATE-004_F12,AATTCGGCCTTG,Tuberculosis,Human,,,
TB-FLASH,Detection of tuberculosis in metagenomic samples using FLASH,TBFLASH-CSF-DNA,Cerebrospinal fluid ,OPS_013_TB-FLASH_DNA_870-0.0,OPS_013_TB-FLASH_DNA_870-0.0,Amy Lyden,CZB-TRUSEQ-8-12BP-i7-PLATE-010_G1,GTTCGCCGAATT,CZB-TRUSEQ-8-12BP-i5-PLATE-009_G1,ACACACGTTCGT,Tuberculosis,Human,,,
TB-FLASH,Detection of tuberculosis in metagenomic samples using FLASH,TBFLASH-CSF-DNA,Cerebrospinal fluid ,OPS_013_TB-FLASH_DNA_812-PT,OPS_013_TB-FLASH_DNA_812-PT,Amy Lyden,CZB-TRUSEQ-8-12BP-i7-PLATE-006_G2,ACGAATGACGCT,CZB-TRUSEQ-8-12BP-i5-PLATE-006_G2,TACGCACAACTC,Tuberculosis,Human,,,
TB-FLASH,Detection of tuberculosis in metagenomic samples using FLASH,TBFLASH-CSF-DNA,Cerebrospinal fluid ,OPS_013_TB-FLASH_DNA_911-1.3,OPS_013_TB-FLASH_DNA_911-1.3,Amy Lyden,CZB-TRUSEQ-8-12BP-i7-PLATE-007_G3,CAAGGCTAATGC,CZB-TRUSEQ-8-12BP-i5-PLATE-007_G3,CGAGAAGAGAAC,Tuberculosis,Human,,,
PDAID,PDAID samples from Michael Wilson,PDAID-CSF-DNA,Cerebrospinal fluid ,OPS_013_PDAID-1_DNA,OPS_013_PDAID-1_DNA,Amy Lyden,CZB-TRUSEQ-8-12BP-i7-PLATE-008_G11,GTTCCGTTGTTC,CZB-TRUSEQ-8-12BP-i5-PLATE-008_G11,AAGCGCTAACTC,Microbe,Human,,,
PDAID,PDAID samples from Michael Wilson,PDAID-CSF-DNA,Cerebrospinal fluid ,OPS_013_PDAID-H2O_DNA,OPS_013_PDAID-H2O_DNA,Amy Lyden,CZB-TRUSEQ-8-12BP-i7-PLATE-009_G12,ACGAACGTGTGT,CZB-TRUSEQ-8-12BP-i5-PLATE-009_G12,CTGGCTATAGCA,Microbe,Human,,,
TB-FLASH,Detection of tuberculosis in metagenomic samples using FLASH,TBFLASH-CSF-DNA,Cerebrospinal fluid ,OPS_013_TB-FLASH_DNA_H20,OPS_013_TB-FLASH_DNA_H20,Amy Lyden,CZB-TRUSEQ-8-12BP-i7-PLATE-012_H12,ACGACTGCATCT,CZB-TRUSEQ-8-12BP-i5-PLATE-002_H12,ATACCGCATCGT,Tuberculosis,Human,,,
